,r,l
0,315.93936780342386,1000
1,350.890238891007,1000
2,327.9356155878887,1000
3,338.7149139731697,1000
4,392.7185167186853,1000
5,510.2837110546767,1000
6,552.8430634475718,1000
7,389.9781615524604,1000
8,391.4232353753687,1000
9,471.49193653505097,1000
10,570.4099875324441,1000
11,530.6864518089425,1000
12,609.2222089399884,1000
13,572.7679243140776,1000
14,482.9832616339378,1000
15,309.7473497479384,642
16,504.49521730258715,1000
17,401.2214238353546,1000
18,520.847727625491,1000
19,105.52754001851257,269
20,479.46613336811066,1000
21,342.2638349207213,1000
22,429.4548918208694,1000
23,472.98291820732777,1000
24,441.39271673706446,1000
25,420.78551365922664,1000
26,432.0757654642623,1000
27,340.6200215603176,1000
28,132.13351521004665,228
29,483.3643898572913,847
30,570.1729546854148,1000
31,521.8850418566108,800
32,579.6752304695822,1000
33,171.3327806520191,282
34,729.3315692609467,1000
35,571.0991682632981,1000
36,607.0312858112586,1000
37,513.8841152639025,1000
38,568.9389478837317,1000
39,615.321810578682,1000
40,513.9618115962788,1000
41,646.1663417461763,1000
42,570.1078342667671,1000
43,335.459483863749,538
44,588.6400811396805,1000
45,471.76978129522564,1000
46,615.746005382749,1000
47,571.4120197534046,1000
48,657.568053319453,1000
49,613.6970659428422,1000
50,576.5167273798153,1000
51,537.7161486019517,1000
52,573.528924299548,1000
53,506.11636550894843,1000
54,612.82847906126,1000
55,546.4500392600785,1000
56,556.5065602716107,1000
57,581.4487990700229,1000
58,618.6022841739493,1000
59,447.03306701965687,1000
60,417.54323019166753,1000
61,572.742688605416,1000
62,577.086004803284,1000
63,504.464702809751,1000
64,561.451827338684,1000
65,485.36595053086876,1000
66,534.64632405129,1000
67,598.5294205064807,1000
68,457.9534550343572,1000
69,519.4382303146804,1000
70,395.9278481288453,1000
71,528.2800437845784,1000
72,449.53254373321914,1000
73,607.6716343232025,1000
74,556.5350835132676,1000
75,502.89370478646373,1000
76,591.6091583121157,1000
77,544.1289565345583,1000
78,525.2473066931591,1000
79,453.37617617997137,1000
80,488.4922084367785,1000
81,504.017550143533,1000
82,532.0292211822473,1000
83,482.68148607802624,1000
84,517.0100033343516,1000
85,601.182640860366,1000
86,390.114825464249,1000
87,464.5973916160643,1000
88,403.7644309443863,1000
89,467.5821405252915,1000
90,636.2081618524145,1000
91,392.06358202519147,1000
92,478.31499378385087,1000
93,528.9320701738579,1000
94,544.5692376518866,1000
95,443.7394778152325,1000
96,450.96965269783817,1000
97,452.4375198726686,1000
98,401.16432906159855,1000
99,509.04696915076954,1000
100,430.03044361698323,1000
101,595.7237165645614,1000
102,641.5878705346856,1000
103,574.1712897895252,1000
104,582.1147021119401,1000
105,508.1738937135749,1000
106,557.1269559499162,1000
107,547.0054775063079,1000
108,626.6529208379206,1000
109,599.6064036300551,1000
110,609.6188539238784,1000
111,508.3815431085341,1000
112,565.5770019729481,1000
113,513.5205581701186,1000
114,542.9805292115558,1000
115,689.9009007918428,1000
116,638.0027327523997,1000
117,483.3863962418316,1000
118,548.8450974920294,1000
119,543.7767663619665,1000
120,561.5730136754144,1000
121,701.647431424475,1000
122,667.2303011732238,1000
123,452.74963085550434,1000
124,660.0478497182702,1000
125,248.01899935209852,395
126,409.6723445890707,583
127,586.9196482331016,1000
128,530.0511517244821,1000
129,209.43228518321345,358
130,560.5129751196996,1000
131,506.9743242228225,1000
132,86.02559015498386,154
133,33.73935813935617,59
134,438.41013083183407,1000
135,571.2420422860682,1000
136,548.4031132796745,1000
137,8.800016643251976,21
138,8.073677331193164,20
139,573.2214317895185,1000
140,8.058951084354705,20
141,5.889278233701571,20
142,190.36693513258254,313
143,447.1832115564626,1000
144,409.4167227153942,1000
145,384.17877097604475,1000
146,469.83950633818756,1000
147,501.71145627250485,1000
148,537.0200975639541,1000
149,535.7859940983714,1000
150,507.91941420611363,1000
151,497.5928219674217,1000
152,503.4389287637859,1000
153,493.6616195416994,1000
154,479.76632594549653,1000
155,516.4655437190488,1000
156,490.20337524003475,1000
157,511.20184220816543,1000
158,402.0134939322195,1000
159,512.3203226249669,1000
160,596.5799959393191,1000
161,434.98609539369505,1000
162,450.4045238589464,1000
163,405.6494010849796,1000
164,521.1772790598477,1000
165,403.0410884980496,1000
166,331.4185836821155,1000
167,522.575902103628,1000
168,0.7020446694678788,115
169,626.6983426152035,1000
170,482.0928307049116,1000
171,392.07437108291316,1000
172,461.9839415549976,1000
173,488.4910182996118,1000
174,388.3216962598168,1000
175,467.1969466980831,1000
176,463.6323921182117,1000
177,546.2591050073829,1000
178,-15.704603109027133,86
179,504.9629295738795,1000
180,508.6672125850759,1000
181,415.5777145291035,1000
182,379.98064806248584,1000
183,436.9227836918346,1000
184,417.677728281133,1000
185,488.53428322721356,1000
186,479.35266237741035,1000
187,386.49557050756886,1000
188,1.8584696714765574,123
189,448.6945672124158,1000
190,360.57201946591687,1000
191,501.08496541351525,1000
192,449.5948219084095,1000
193,389.00779460114046,1000
194,431.9410383848799,1000
195,419.6362319126989,1000
196,462.82513160037826,1000
197,483.44534596088147,1000
198,388.94208739685735,1000
199,498.7224239243381,1000
200,471.58618530724993,1000
201,-7.032945108257907,134
202,305.53784097410056,1000
203,490.3467006044284,1000
204,284.7077763523598,1000
205,479.0172438835108,1000
206,484.1994835254058,1000
207,396.31222224969,1000
208,402.5471892836286,1000
209,443.31544020221594,1000
210,274.9752645901167,1000
211,354.5989892545496,1000
212,440.98328638518353,1000
213,376.26665159368304,1000
214,489.2251912363299,1000
215,311.99348462914173,1000
216,434.05048657367814,1000
217,4.847346537722804,136
218,382.9015625555433,1000
219,445.16463885195526,1000
220,431.2068310838147,1000
221,401.77940967911775,1000
222,394.30730852302264,1000
223,383.4145653800759,1000
224,382.3402283905667,1000
225,403.5740080171021,1000
226,383.04707366225347,1000
227,358.97166543352546,1000
228,393.14813977938024,1000
229,367.22880930585694,1000
230,445.4146881320641,1000
231,389.470122448072,1000
232,333.14805456677794,1000
233,384.119371164952,1000
234,406.41420962286065,1000
235,-11.315549583182067,81
236,470.52922538954095,1000
237,464.0813020376652,1000
238,391.96220997026575,1000
239,416.60799351178963,1000
240,369.6955554564362,1000
241,430.5323238601764,1000
242,466.3308687072191,1000
243,376.48897233261835,1000
244,431.22404915447476,1000
245,362.7036974537765,1000
246,421.14011254030794,1000
247,366.6003394972236,1000
248,351.0274571436151,1000
249,426.1381154994327,1000
250,368.90850551296984,1000
251,328.34570530204667,1000
252,269.18667377508547,1000
253,360.50856587980223,1000
254,366.2206066460255,1000
255,347.29582089646755,1000
256,374.94363019105367,1000
257,362.6923391163689,1000
258,366.17946798696045,1000
259,286.62001654075635,1000
260,363.59010828002647,1000
261,371.5748990390893,1000
262,367.38891884574787,1000
263,371.18709918046255,1000
264,365.68998178214326,1000
265,371.31063871106295,1000
266,375.7740968648301,1000
267,387.98972350391125,1000
268,379.45020786886175,1000
269,367.1234742708959,1000
270,373.97187091380755,1000
271,375.6225957437564,1000
272,370.35893672488845,1000
273,413.12303413857194,1000
274,370.86368080204124,1000
275,367.69969096540984,1000
276,437.0193332624582,1000
277,356.12743494564444,1000
278,242.74647552670478,1000
279,397.14350126115824,1000
280,393.35553527622733,1000
281,381.46906424152235,1000
282,243.79337468451223,1000
283,364.85147809616615,1000
284,393.4094987481941,1000
285,415.96673963474933,1000
286,392.21938165995,1000
287,367.9908694305181,1000
288,404.0925816191158,1000
289,454.818831775072,1000
290,373.55863844937994,1000
291,385.1013453514457,1000
292,377.8025867943003,1000
293,457.7205052232864,1000
294,455.8653430966349,1000
295,473.2807863297673,1000
296,421.21156406259644,1000
297,395.40246114986115,1000
298,375.22396753484077,1000
299,378.90104456300816,1000
300,465.82418187369336,1000
301,427.0410470844508,1000
302,496.3252362355663,1000
303,237.54592942730426,1000
304,376.82776864641727,1000
305,381.0912792866677,1000
306,366.57477764781373,1000
307,374.0083935448511,1000
308,382.1888522592254,1000
309,464.52858932735745,1000
310,480.78067970429476,1000
311,465.92103182682456,1000
312,293.5733733635154,1000
313,396.07723856945813,1000
314,493.9045150907401,1000
315,371.40755998184295,1000
316,384.16286892866714,1000
317,395.111884057917,1000
318,328.5117309510719,1000
319,371.59703489162683,1000
320,459.89461396747777,1000
321,428.66765533833063,1000
322,385.9211201878607,1000
323,386.9766552586738,1000
324,383.48134657900687,1000
325,451.72546213844566,1000
326,359.8493879383615,1000
327,489.56481802053406,1000
328,372.7251947749997,1000
329,371.16087152346347,1000
330,258.5805256644954,1000
331,447.957968686071,1000
332,424.14134479049517,1000
333,406.8399303021418,1000
334,425.8517604105181,1000
335,487.7366034801002,1000
336,484.69057269416055,1000
337,509.5541958553637,1000
338,520.3131967820773,1000
339,487.37252369319845,1000
340,413.1712897632895,1000
341,510.4749422484994,1000
342,457.3596762010956,1000
343,474.8728294084281,1000
344,473.39630844596877,1000
345,426.02029564124524,1000
346,514.66447721747,1000
347,497.17271846162953,1000
348,367.23859270844264,1000
349,473.09545540844965,1000
350,461.9640313814521,1000
351,504.9040895452343,1000
352,429.5977814169569,1000
353,413.31834650335077,1000
354,449.3360717163863,1000
355,520.2962296159654,1000
356,511.0762867898934,1000
357,414.91793339625224,1000
358,414.70074638701476,1000
359,421.93187201257535,1000
360,442.1365302313876,1000
361,424.3859235454335,1000
362,411.9902878500944,1000
363,394.3841083262163,1000
364,371.0026348582222,1000
365,401.7158316011562,1000
366,361.84960489146823,1000
367,365.1792178717642,1000
368,435.8974917121415,1000
369,376.1108267890722,1000
370,364.401643674137,1000
371,376.8493299379855,1000
372,415.29572033643956,1000
373,359.95926710841604,1000
374,396.482002189715,1000
375,434.94289769776736,1000
376,363.9529986611649,1000
377,471.6395662820716,1000
378,429.820955706509,1000
379,377.3966951780987,1000
380,408.4104882170465,1000
381,459.50741281115586,1000
382,431.9102733844291,1000
383,416.6974271594104,1000
384,434.88726141196025,1000
385,463.28203908344665,1000
386,415.4579263680033,1000
387,430.37721293753435,1000
388,480.000980967078,1000
389,441.85658158634396,1000
390,489.5880223643065,1000
391,456.59788579358457,1000
392,398.12135645353135,1000
393,514.266798128072,1000
394,490.44595176276647,1000
395,447.0229967162634,1000
396,442.9320844854499,1000
397,463.1344510727941,1000
398,477.640383764612,1000
399,488.450310217477,1000
400,502.7054260415825,1000
401,553.511263497574,1000
402,427.4368193440283,1000
403,428.55101688107686,1000
404,478.14448846769955,1000
405,539.3000302504187,1000
406,489.18869639292484,1000
407,509.69290872867475,1000
408,519.4114782006998,1000
409,519.1175547153697,1000
410,480.66645625079383,1000
411,458.0390482980305,1000
412,487.01490536609987,1000
413,511.3173905569876,1000
414,517.229078292297,1000
415,413.5759206114195,1000
416,487.64337450581445,1000
417,489.93977325541954,1000
418,364.62324811885355,1000
419,504.60673331648337,1000
420,447.985223721907,1000
421,519.7510505795561,1000
422,497.1303518761761,1000
423,502.353747475905,1000
424,495.59431714523123,1000
425,508.9220092804546,1000
426,509.3335921889512,1000
427,494.74554627559826,1000
428,538.2145453935116,1000
429,526.9113582246927,1000
430,439.9413008838059,1000
431,426.4526110351467,1000
432,473.8443353347492,1000
433,574.6426876429477,1000
434,529.4561378835652,1000
435,423.86234257771156,1000
436,481.5690191019099,1000
437,545.5459478242137,1000
438,497.90689475720103,1000
439,424.2769395620659,1000
440,526.6762513936137,1000
441,489.54863801866736,1000
442,561.0798738047339,1000
443,452.3485188412187,1000
444,404.9989468962929,1000
445,393.01759690224964,1000
446,460.39086072946395,1000
447,503.1406175191402,1000
448,505.4112417594613,1000
449,471.4553873636678,1000
450,315.2031513244763,1000
451,330.88621389623586,1000
452,345.44377395159506,1000
453,340.9119170586372,1000
454,346.0953363179703,1000
455,351.34647124647785,1000
456,418.8011824687761,1000
457,300.8462939004701,1000
458,363.69275702647633,1000
459,269.06899343212115,1000
460,470.68587942952166,1000
461,481.6233849808173,1000
462,285.06607943312275,1000
463,533.8007807130065,1000
464,368.6670286433398,1000
465,470.81376502050034,1000
466,496.60817141815,1000
467,496.8546603947397,1000
468,441.0971186268189,1000
469,471.58744442772297,1000
470,472.60417757869925,1000
471,459.6174256597124,1000
472,438.63581366184775,1000
473,506.9890371252283,1000
474,459.3418589790027,1000
475,483.6175732070449,1000
476,388.9780333636262,1000
477,483.31396242001955,1000
478,436.35097102211375,1000
479,506.7334592286711,1000
480,462.7487527098778,1000
481,526.5550274017421,1000
482,474.3337135932413,1000
483,419.20744434268136,1000
484,514.9484147502278,1000
485,514.8674708180303,1000
486,490.51430614709847,1000
487,539.1948864641776,1000
488,532.2035055752234,1000
489,533.8939277907956,1000
490,615.0644868244153,1000
491,538.2190342652322,1000
492,420.9474773779063,1000
493,548.919761786328,1000
494,602.5014809059386,1000
495,478.00901761806637,1000
496,555.757934380182,1000
497,584.316182797486,1000
498,558.5866981016303,1000
499,578.1433424171676,1000
500,550.4777188319486,1000
501,593.5357415820021,1000
502,597.3342482160044,1000
503,599.9963392885797,1000
504,606.1258855273903,1000
505,574.6515477570201,1000
506,621.6587089976281,1000
507,609.7334384355729,1000
508,480.7614354458715,1000
509,589.0361201184667,1000
510,635.7289884383974,1000
511,601.8634342928018,1000
512,587.0416680574617,1000
513,622.6664148304983,1000
514,634.3395007511684,1000
515,615.3851410817847,1000
516,600.432278080256,1000
517,630.281662102292,1000
518,631.7179805911638,1000
519,647.1357333559076,1000
520,641.705222123891,1000
521,599.4681303260361,1000
522,607.8449221388793,1000
523,587.4721192156851,1000
524,576.6871317026606,1000
525,646.7870501674307,1000
526,608.220862302486,1000
527,630.8497625830271,1000
528,540.9662339380245,1000
529,536.585888580956,1000
530,597.4851787546949,1000
531,522.0375925099017,1000
532,605.5788544534998,1000
533,559.016442472735,1000
534,555.0313756809269,1000
535,601.7708893330829,1000
536,565.9023216226428,1000
537,463.0596388815908,1000
538,563.9692512852541,1000
539,550.1978383452588,1000
540,461.49214540526737,1000
541,458.9860891526629,1000
542,615.8937500757734,1000
543,540.5480949204479,1000
544,541.7624605798617,1000
545,591.1033989977643,1000
546,559.9297302753249,1000
547,566.0709904277682,1000
548,457.4657623341296,1000
549,588.1579306738106,1000
550,611.7043217704662,1000
551,554.5699729060582,1000
552,562.8021567828778,1000
553,557.7336610435561,1000
554,555.2253093096704,1000
555,526.8456684354508,1000
556,575.4209135325186,1000
557,603.7935094605318,1000
558,527.510254444573,1000
559,631.9206770336685,1000
560,606.519094577335,1000
561,602.3167422505609,1000
562,575.3826318096643,1000
563,627.9506097108554,1000
564,651.1823967347023,1000
565,646.4124466048592,1000
566,622.6455593742511,1000
567,627.5931615232964,1000
568,590.4748548174563,1000
569,621.4197850654663,1000
570,565.2614249191972,1000
571,598.2578568009964,1000
572,569.9836974341304,1000
573,673.2052625921662,1000
574,646.0913571030127,1000
575,520.2047637358899,1000
576,591.2860994873598,1000
577,630.0079701842639,1000
578,622.0510723222882,1000
579,589.5239826629045,1000
580,585.3129750304963,1000
581,603.9235267541721,1000
582,640.3727014444197,1000
583,661.4322842267183,1000
584,618.1462668877259,1000
585,636.9921372721711,1000
586,646.7937402307474,1000
587,699.8826260142927,1000
588,679.5059590862006,1000
589,645.0287744690629,1000
590,668.6838137575992,1000
591,642.3258813504493,1000
592,553.094562385501,1000
593,674.6445508564038,1000
594,725.9241136631925,1000
595,712.4169915603766,1000
596,724.6007242234847,1000
597,714.0532449993696,1000
598,708.4372492615496,1000
599,638.6245775653626,1000
600,419.4971601076223,1000
601,500.7278206136739,1000
602,540.0183069346771,1000
603,631.7794356498964,1000
604,558.6764721461739,1000
605,712.4868399942293,1000
606,639.1570348779442,1000
607,785.4957678526057,1000
608,681.0412713061266,1000
609,641.3116032398308,1000
610,684.0492278633506,1000
611,695.975639043088,1000
612,715.1278951370502,1000
613,715.3384140283296,1000
614,723.0088482535228,1000
615,755.6614977699899,1000
616,742.7426576462553,1000
617,694.1739973089626,1000
618,728.0996687191821,1000
619,717.6634425971451,1000
620,745.2048524567675,1000
621,561.0703765168655,1000
622,687.3915318064039,1000
623,782.8964732598137,1000
624,662.6410214313976,1000
625,689.5039151654438,1000
626,640.5376389555335,1000
627,679.1428059680225,1000
628,581.8615240048862,1000
629,583.2985908160676,1000
630,617.777484438639,1000
631,569.7291638333998,1000
632,633.6755310994147,1000
633,584.340045770461,1000
634,622.0389044623655,1000
635,607.6595962123233,1000
636,250.04358790990986,286
637,626.6889499821352,1000
638,685.3519969764245,1000
639,552.6077734006432,1000
640,603.7339200685656,1000
641,624.2292300205254,1000
642,641.1599596612576,1000
643,637.1277232492104,1000
644,540.0009810014709,1000
645,642.9793937689645,1000
646,562.6496372966583,1000
647,645.6394989173359,1000
648,635.7259204904757,1000
649,706.6116508979823,1000
650,708.8212545578956,1000
651,686.2004393527176,1000
652,173.414294843878,208
653,655.867003981762,1000
654,650.8612669328229,1000
655,668.2106410865352,1000
656,537.5895252091046,1000
657,511.65265163486777,1000
658,671.8023765107394,1000
659,643.5280545944325,1000
660,651.1871781720499,1000
661,199.559843477598,249
662,301.97106146324546,341
663,689.5838101971035,1000
664,682.9141409768301,1000
665,733.736603309212,1000
666,665.8195038658205,1000
667,675.4400635008536,1000
668,501.5198643096426,1000
669,644.1291090048979,1000
670,474.7469237207559,1000
671,483.0213499483704,1000
672,677.2392906397173,1000
673,731.6898637974824,1000
674,669.4857786847297,1000
675,609.4779032106541,1000
676,681.8271383040733,1000
677,711.9673907007724,1000
678,431.31577123606536,1000
679,748.9295862917699,1000
680,695.9782480107298,1000
681,423.6249535494461,1000
682,674.2359209324494,1000
683,739.233547403966,1000
684,592.7180799848907,1000
685,593.9587411094751,1000
686,533.9727104270021,1000
687,522.0730815802145,1000
688,462.4361991681053,1000
689,479.609476288767,1000
690,716.0722555756755,1000
691,676.1496664513986,1000
692,705.8955708744702,1000
693,684.3318690898474,1000
694,587.755852358369,1000
695,748.5798897253716,1000
696,723.0060522530869,1000
697,694.269231647358,1000
698,668.4959166447514,1000
699,616.2584224760881,1000
700,585.0769273100296,1000
701,688.0138094255401,1000
702,592.644833238976,1000
703,695.5977272402462,1000
704,609.0064519899785,1000
705,590.4768827124234,1000
706,529.6042198021108,1000
707,729.7490992533396,1000
708,751.509869870816,1000
709,548.6809358671001,1000
710,699.8845563054819,1000
711,741.6124716889079,1000
712,646.6200724711998,1000
713,713.8625852457158,1000
714,376.18373320938946,1000
715,366.4561019040751,1000
716,632.5683994916877,1000
717,714.45313600301,1000
718,409.5039757517617,1000
719,669.609837445665,1000
720,552.7180253474392,1000
721,647.6502804781502,895
722,600.4711447648557,1000
723,714.3230252147158,1000
724,689.7761427131874,1000
725,609.6469917583868,1000
726,623.2080943236622,1000
727,642.7901914960942,1000
728,586.6647580803025,757
729,671.9986318932827,1000
730,580.4394798661081,1000
731,198.94129874569708,217
732,635.5202064314511,1000
733,562.2148621550548,1000
734,627.1731560620007,1000
735,536.6695529640031,1000
736,592.2064236131039,1000
737,316.20143769701355,394
738,597.0123351019843,1000
739,552.7402076308997,1000
740,526.7739459174567,1000
741,528.6481460015254,1000
742,557.5276568320942,1000
743,605.7394184712347,1000
744,572.4819117209665,1000
745,626.5292660456239,1000
746,624.3560606437173,1000
747,618.2294680362861,1000
748,515.8684658395147,1000
749,219.72026866464506,264
750,551.5563809029309,1000
751,596.1108520889021,1000
752,639.9485995392238,1000
753,567.6456984937066,1000
754,494.9022898326232,1000
755,682.1288135288827,1000
756,520.4547563537608,1000
757,687.306150294569,1000
758,591.7870509704344,1000
759,687.2225428225686,1000
760,642.798906308409,1000
761,663.2032426369115,1000
762,602.5357980146363,1000
763,629.2694999828913,1000
764,682.3901241528818,1000
765,489.1064641892881,1000
766,594.410213167418,1000
767,673.7076351259587,1000
768,408.30073604393255,1000
769,651.0375293064019,1000
770,665.2570637244884,1000
771,548.9127685979879,1000
772,648.5791511357181,1000
773,558.2796006592798,1000
774,680.3125298810506,1000
775,613.6039189297258,1000
776,439.21562894297114,1000
777,529.8769138927868,1000
778,617.0511967528012,1000
779,296.28128671398633,354
780,545.5106076027679,1000
781,519.7326688084959,1000
782,468.32685104319086,1000
783,508.9933137218354,1000
784,491.9378271596017,1000
785,447.2887236626207,1000
786,601.4918346681205,1000
787,541.8823615294407,1000
788,586.613758101384,1000
789,564.0086016880213,1000
790,561.65296218872,1000
791,442.90984454046287,1000
792,630.8098101185518,1000
793,632.6716804986661,1000
794,512.9948205430061,1000
795,464.84939743451037,1000
796,554.239120533831,1000
797,486.12828689863886,1000
798,580.3381054191451,1000
799,620.9489635927155,1000
800,591.4572504724425,1000
801,614.9135448175092,1000
802,524.9411643720629,1000
803,532.1873731817319,1000
804,562.5815097112231,1000
805,569.875600287951,1000
806,512.2947634678372,1000
807,494.08860547472375,1000
808,638.1017496477461,1000
809,530.4147695561975,1000
810,550.1722343851604,1000
811,652.9598187174412,1000
812,655.3035500093188,1000
813,662.76113954372,1000
814,708.0011681997207,1000
815,662.5453637221707,1000
816,628.0479701524368,1000
817,661.0241130461474,1000
818,647.8572325836656,1000
819,566.1417550019709,1000
820,578.8778068294104,1000
821,499.27272918280045,691
822,661.7731341528037,1000
823,615.8378782508381,1000
824,618.282619694816,1000
825,604.9594225455301,1000
826,645.589935826408,1000
827,661.8574778881946,1000
828,637.6392568899902,1000
829,586.2827632974695,1000
830,616.1816430401385,1000
831,698.5561247742213,1000
832,646.0790106570722,1000
833,659.4534033654184,1000
834,667.9397255143051,1000
835,672.1356995551797,1000
836,646.2246405768536,1000
837,602.0551850094644,1000
838,688.6793770607588,1000
839,635.3488207094226,1000
840,700.8559038128628,1000
841,643.9324520642078,1000
842,682.0481622393812,1000
843,644.1013471879921,1000
844,685.1027253287468,1000
845,548.8939858574237,1000
846,684.829104224133,1000
847,698.1438716718767,1000
848,726.7322031036391,1000
849,619.5625392389825,1000
850,665.5277547658864,1000
851,689.5875211863009,1000
852,705.1831769377447,1000
853,616.0072512187278,1000
854,660.6890640345754,1000
855,676.035542221155,1000
856,721.1123757116395,1000
857,617.981984935702,1000
858,682.0213893399775,1000
859,715.583739047427,1000
860,605.4305758202321,1000
861,665.200900992354,1000
862,701.2442761364193,1000
863,700.4058032999083,1000
864,587.1197320259238,1000
865,695.2408136702694,1000
866,656.8671912039582,1000
867,680.901224805424,1000
868,656.5909165932443,1000
869,620.6845455092579,1000
870,686.1141581261803,1000
871,557.5930903287067,1000
872,620.9715604130031,1000
873,622.4481901102046,1000
874,630.629596234876,1000
875,602.5024740985637,1000
876,623.3168763672098,1000
877,599.6513613546109,1000
878,577.0528301373975,1000
879,609.9982767543346,1000
880,582.4461977783593,1000
881,616.8739295972728,1000
882,595.1308315554196,1000
883,625.6890251665034,1000
884,616.3373861677527,1000
885,630.2402751884948,1000
886,617.8440456246386,1000
887,628.7655350052944,1000
888,596.7330591801884,1000
889,600.603989335764,1000
890,645.6518847202746,1000
891,634.784419489438,1000
892,653.2920876131604,1000
893,605.369955299154,1000
894,630.007050216164,1000
895,618.0911448143389,1000
896,613.3238592806322,1000
897,629.0008278862064,1000
898,637.1067218947952,1000
899,624.4426977755459,1000
900,627.0245917118574,1000
901,606.6361388691045,1000
902,642.096425663708,1000
903,598.9413473015238,1000
904,662.1559041713401,1000
905,617.8992060318694,1000
906,613.4383785128397,1000
907,622.1270063106431,1000
908,655.0860021847204,1000
909,600.0566942054487,1000
910,647.2324532851851,1000
911,613.5381798119137,1000
912,613.9778181637676,1000
913,610.3852222961345,1000
914,620.0245390248671,1000
915,674.0498863604256,1000
916,599.5946477045345,1000
917,653.5458617640551,1000
918,683.5647930254031,1000
919,644.9311361751322,1000
920,677.5688572682628,1000
921,568.5370722649998,1000
922,718.909274400402,1000
923,714.6597655593398,1000
924,696.9267702175785,1000
925,732.5802576642926,1000
926,707.7363605099872,1000
927,727.6646339641792,1000
928,684.4893592374011,1000
929,673.3153467783538,1000
930,726.9569596604251,1000
931,713.3198023071875,1000
932,741.6304273000507,1000
933,705.9534524014954,1000
934,691.7681983282725,1000
935,700.0580045384961,1000
936,686.9489681063849,1000
937,703.3706113673384,1000
938,642.21687520605,1000
939,673.2213308145577,1000
940,703.1860403935569,1000
941,683.3622601007063,1000
942,688.8294099339504,1000
943,691.875308945018,1000
944,655.0334835759493,1000
945,693.6406959368883,1000
946,611.1192366193243,1000
947,680.1210428675656,1000
948,618.7967667983326,1000
949,628.1191406806582,1000
950,566.4555918564434,1000
951,663.8955963501178,1000
952,698.4869445143172,1000
953,618.694810788302,1000
954,634.2188868230741,1000
955,695.6681307064965,1000
956,643.6745198913382,1000
957,682.9016988788019,1000
958,731.3981426044514,1000
959,698.592972777959,1000
960,727.8313148166994,1000
961,736.9230426156872,1000
962,685.1981053090808,1000
963,703.7182834004515,1000
964,670.2104508899785,1000
965,711.6844817242228,1000
966,701.3157034113343,1000
967,648.6124822087587,1000
968,612.530694298297,1000
969,626.3603747003136,1000
970,641.0014836766435,1000
971,651.6015509112301,1000
972,593.5756791458082,1000
973,622.8281917828602,1000
974,581.682723507507,1000
975,655.0427610644256,1000
976,629.9198579085047,1000
977,656.7773099119537,1000
978,589.0096764922387,1000
979,599.009836216994,1000
980,654.9541540747001,1000
981,613.8994579267962,1000
982,513.1807360635707,1000
983,599.083495139507,1000
984,653.4604436246207,1000
985,604.4016871962391,1000
986,587.4838076483622,1000
987,554.530185159799,1000
988,643.4233571566288,1000
989,586.7978515214309,1000
990,693.8299547912444,1000
991,601.8031049889323,1000
992,559.8310279866934,1000
993,526.9196724071309,1000
994,628.560876415361,1000
995,643.7247430480808,1000
996,680.7336943641902,1000
997,647.4216647985638,1000
998,616.8041045686555,1000
999,698.5985982400496,1000
1000,644.8857465897295,1000
1001,576.8129478786694,1000
1002,672.7876296050919,1000
1003,597.8377566842847,1000
1004,672.3035968253912,1000
1005,597.1508528861605,1000
1006,649.2752887180891,1000
1007,641.4727392857088,1000
1008,688.6680897748358,1000
1009,636.7536666671547,1000
1010,688.9388495489944,1000
1011,671.8126920488234,1000
1012,645.1573867348457,1000
1013,695.5244168701422,1000
1014,488.9823396917396,712
1015,687.8066113949045,1000
1016,525.5030795641215,1000
1017,689.0571104255387,1000
1018,620.1735592162989,1000
1019,671.2375444158196,1000
1020,719.1781931382268,1000
1021,736.502413924924,1000
1022,683.24373063006,1000
1023,551.3601780538784,1000
1024,583.8462656586534,1000
1025,635.9968998539952,1000
1026,724.5785849580404,1000
1027,612.3825280425569,1000
1028,687.8847223536336,1000
1029,770.4514518625126,1000
1030,622.8145539029579,1000
1031,449.44358016628615,1000
1032,542.931294457245,1000
1033,523.4115536139939,1000
1034,573.2134817379203,1000
1035,581.7729049087329,1000
1036,581.0433719086093,1000
1037,505.22836272017884,1000
1038,589.0229377572825,1000
1039,511.4292446480178,1000
1040,576.8235212487243,1000
1041,590.9284405143225,1000
1042,632.4375999618384,1000
1043,624.6019854963396,1000
1044,588.8469615188151,1000
1045,595.2696663629047,1000
1046,579.219446320905,1000
1047,648.4566142156588,1000
1048,649.6012631012427,1000
1049,514.8042484470043,1000
1050,451.1610535020971,1000
1051,613.6956939381922,1000
1052,613.5951583325055,1000
1053,605.947264702185,1000
1054,522.9463252434676,1000
1055,492.5898127467094,1000
1056,501.1709258680407,1000
1057,487.86800135443946,1000
1058,546.8588955862092,1000
1059,390.46869578834594,1000
1060,480.11486852600194,1000
1061,531.758947260868,1000
1062,477.00080409828814,1000
1063,356.53634866317896,1000
1064,600.9905836004965,1000
1065,545.3222567292461,1000
1066,558.6247009767815,1000
1067,590.7318726664903,1000
1068,552.3003902951472,1000
1069,532.497629944802,1000
1070,569.8352781219805,1000
1071,563.822158112485,1000
1072,620.9388946936886,1000
1073,600.4644788850308,1000
1074,640.4248637470517,1000
1075,607.6925106206326,1000
1076,610.8685854881162,1000
1077,633.4162423626022,1000
1078,624.7956783019599,1000
1079,636.3045252059966,1000
1080,672.6166160069322,1000
1081,690.4191319668656,1000
1082,660.5707702946994,1000
1083,688.4253980877115,1000
1084,657.2720365462927,1000
1085,672.8847972065616,1000
1086,613.5939455132325,1000
1087,539.1278047113824,1000
1088,629.299590636274,1000
1089,685.8389730697778,1000
1090,686.2763294483224,1000
1091,696.0780778367458,1000
1092,728.3396180531803,1000
1093,644.6256808458917,1000
1094,704.3134447613776,1000
1095,662.5877257544549,1000
1096,694.9268814326997,1000
1097,662.5006401804659,1000
1098,716.4541189360725,1000
1099,713.9865686350022,1000
1100,685.1221586073954,1000
1101,691.0304887795143,1000
1102,730.8677810568074,1000
1103,768.2695611152266,1000
1104,783.7872676186668,1000
1105,766.5926960922625,1000
1106,747.0312058271656,1000
1107,790.3806259835428,1000
1108,741.300386676415,1000
1109,736.0511274416907,1000
1110,730.801049397041,1000
1111,741.355994521006,1000
1112,742.5409753229835,1000
1113,621.5027484346715,1000
1114,801.0444195477075,1000
1115,719.1698802909372,1000
1116,729.1702100434304,1000
1117,700.4804546342747,1000
1118,719.8766272729222,1000
1119,738.2829059769942,1000
1120,691.8363036664848,1000
1121,683.9972745812843,1000
1122,750.2431484640662,1000
1123,771.3944020873965,1000
1124,714.2564958980842,1000
1125,717.009100310272,1000
1126,688.9523505574598,1000
1127,707.9607044697703,1000
1128,560.2572699181308,1000
1129,647.8681902751379,1000
1130,644.0741938545074,1000
1131,625.1792156772943,1000
1132,604.7159593690543,1000
1133,580.8208323771555,1000
1134,565.9089233942519,1000
1135,580.6165939028216,1000
1136,549.2019323833565,1000
1137,579.8849810066347,1000
1138,626.7157278860702,1000
1139,556.5670156706885,1000
1140,586.6545390051821,1000
1141,575.9150646712876,1000
1142,523.9463875275698,1000
1143,587.1349599482847,1000
1144,603.3897224622885,1000
1145,604.7251842266768,1000
1146,570.3906612254688,1000
1147,651.405997543357,1000
1148,611.7978750679449,1000
1149,604.7095051176527,1000
1150,669.4313812540881,1000
1151,645.1262830963309,1000
1152,700.692076847886,1000
1153,733.4735078980325,1000
1154,643.1362453036619,1000
1155,757.7835839510177,1000
1156,598.0185055083515,1000
1157,413.53084902937155,1000
1158,662.9362277100158,1000
1159,561.2497455309702,1000
1160,523.4695104193211,1000
1161,466.79329059222175,1000
1162,651.4131921913047,1000
1163,670.0312090523781,1000
1164,672.2110876237077,1000
1165,481.591785300384,1000
1166,667.4705165460509,1000
1167,641.0916727055575,1000
1168,600.1487335791937,1000
1169,401.7695975184513,1000
1170,534.8898144978853,1000
1171,651.3846306424323,1000
1172,418.4049212532246,1000
1173,538.835382519779,1000
1174,608.1071215821736,1000
1175,531.193212585221,1000
1176,411.32263607529813,1000
1177,493.89733129117434,1000
1178,364.60935093847786,1000
1179,361.0133359086668,1000
1180,598.4510426625458,1000
1181,378.42462665326065,1000
1182,515.2781963874578,1000
1183,398.7396843019879,1000
1184,408.42818395190267,1000
1185,408.8887241792142,1000
1186,529.2949184871447,1000
1187,418.15453382978694,1000
1188,536.4537331381537,1000
1189,533.6409432505448,1000
1190,481.7705320966654,1000
1191,414.25744737159266,1000
1192,444.8563574603574,1000
1193,544.8550411817894,1000
1194,465.8614253575617,1000
1195,483.7205834069194,1000
1196,475.1921055527813,1000
1197,490.8697373081621,1000
1198,409.6718434627445,1000
1199,440.57363579891705,1000
1200,439.9811622493055,1000
1201,443.4120793515598,1000
1202,534.205243526313,1000
1203,556.3170185489168,1000
1204,536.7504433704919,1000
1205,509.0853927162311,1000
1206,649.2527209592913,1000
1207,617.2141324493574,1000
1208,560.0188384296536,1000
1209,688.6335879681222,1000
1210,610.1520338016823,1000
1211,676.3986713345013,1000
1212,653.1155780656738,1000
1213,697.5179468055758,1000
1214,672.9267459171408,1000
1215,698.5268432063401,1000
1216,662.8249680358344,1000
1217,678.1359886556381,1000
1218,537.548389768128,1000
1219,645.9228216400757,1000
1220,657.3814619042304,1000
1221,575.2879513655791,1000
1222,652.7760832711448,1000
1223,622.7985751563886,1000
1224,611.727159560843,1000
1225,507.6252912106123,1000
1226,593.5899262693387,1000
1227,585.2923176952457,1000
1228,556.4251795511709,1000
1229,552.4519292624304,1000
1230,567.2627679029399,1000
1231,519.352642801755,1000
1232,557.6051773175396,1000
1233,469.1166067831733,1000
1234,425.8313315020213,1000
1235,518.4352479802757,1000
1236,540.3062193504832,1000
1237,446.0166023217721,1000
1238,419.38125336937173,1000
1239,473.2349390609605,1000
1240,545.4038537304531,1000
1241,584.1302276113822,1000
1242,499.7308129551248,1000
1243,485.0553704399831,1000
1244,498.6918655001881,1000
1245,579.8320005452583,1000
1246,427.51088605921205,1000
1247,511.4447688265255,1000
1248,365.3078626249082,1000
1249,444.4779200841493,1000
1250,594.760597847083,1000
1251,607.8900556692141,1000
1252,443.21206306658945,1000
1253,534.3422499435568,1000
1254,505.19859283127397,1000
1255,561.2748873115447,1000
1256,608.8737530195197,1000
1257,590.2522758055663,1000
1258,654.2000517863829,1000
1259,662.1073655958339,1000
1260,588.8031286800294,1000
1261,679.9313260090718,1000
1262,624.4833494823453,1000
1263,634.8124049665929,1000
1264,563.1638468375417,1000
1265,509.2669679465466,1000
1266,646.1453062234623,1000
1267,590.5571053063725,1000
1268,628.6164550044422,1000
1269,513.2218712251947,1000
1270,529.5657196415847,1000
1271,511.14896947647554,1000
1272,558.9277629800263,1000
1273,559.7137010670822,1000
1274,553.9746067690053,1000
1275,558.647836405051,1000
1276,556.1327601907914,1000
1277,629.0538285701754,1000
1278,484.74963882656306,1000
1279,612.7159303766,1000
1280,518.2468342834684,1000
1281,629.9180228214145,1000
1282,523.0948888598941,1000
1283,592.8901805504074,1000
1284,544.1523954579835,1000
1285,626.5424823954154,1000
1286,682.7458798951523,1000
1287,608.7048008121131,1000
1288,646.1538110819014,1000
1289,580.1345433324205,1000
1290,600.9485288691257,1000
1291,601.949004065841,1000
1292,630.2093994230621,1000
1293,711.0352104174802,1000
1294,767.740891851568,1000
1295,768.362701029075,1000
1296,719.5021064997707,1000
1297,646.9828764032848,1000
1298,650.6147964279836,1000
1299,796.2026845466605,1000
1300,776.0321616814272,1000
1301,690.918171075148,1000
1302,745.5893214713227,1000
1303,767.998504916478,1000
1304,782.6806978947781,1000
1305,679.7731793600201,1000
1306,731.501434800034,1000
1307,743.6732080969892,1000
1308,736.3944455326541,1000
1309,748.2369856680305,1000
1310,683.013469958906,1000
1311,705.2142642295519,1000
1312,792.6082038492553,1000
1313,800.0163703879003,1000
1314,765.247874216878,1000
1315,780.5333800091197,1000
1316,752.8536808641315,1000
1317,553.0584339572764,1000
1318,582.3045192137205,1000
1319,614.6059710530332,1000
1320,799.5437546886657,1000
1321,767.5924202170888,1000
1322,705.4047389422768,1000
1323,545.2285793318671,1000
1324,775.5442078661343,1000
1325,686.2852789479564,1000
1326,599.1891609097144,1000
1327,578.3191931461371,1000
1328,671.8707271010543,1000
1329,749.0029029564221,1000
1330,568.4639404366251,1000
1331,737.3171937573978,1000
1332,759.8400005888556,1000
1333,766.4703245987979,1000
1334,715.2398436128776,1000
1335,548.5349196059575,1000
1336,427.9732512329023,1000
1337,660.673129754609,1000
1338,682.9122160499926,1000
1339,785.9803595783029,1000
1340,745.7921514342837,1000
1341,564.8257442405691,1000
1342,503.9625844330032,1000
1343,474.2877775503524,1000
1344,732.2645966431411,1000
1345,760.9326791942989,1000
1346,588.2623998628015,1000
1347,755.7429282591252,1000
1348,436.8002326388828,1000
1349,747.7843443487658,1000
1350,716.7283084199474,1000
1351,717.5353157037754,1000
1352,696.2116340205118,1000
1353,741.6070988258949,1000
1354,598.6981092940395,1000
1355,464.0996801300304,1000
1356,708.2261006108704,1000
1357,739.0261335222093,1000
1358,742.9486884206656,1000
1359,759.9586165258976,1000
1360,710.0213126153509,1000
1361,628.878860226743,1000
1362,703.7068536462084,1000
1363,762.2032272483053,1000
1364,672.6558083582032,1000
1365,762.8290281916385,1000
1366,759.7746028774114,1000
1367,751.181550781119,1000
1368,745.2240311145571,1000
1369,716.0562045362304,1000
1370,810.1968835973709,1000
1371,604.5254707747431,1000
1372,818.2781182889374,1000
1373,797.0859942345279,1000
1374,695.3311926214205,1000
1375,837.2102376208819,1000
1376,628.8094041348048,1000
1377,832.2869855337975,1000
1378,788.6963512735604,1000
1379,808.9822014856669,1000
1380,790.0156894365022,1000
1381,619.0853307362013,1000
1382,808.4154301478031,1000
1383,764.1695893798593,1000
1384,823.5413071592434,1000
1385,819.3866433342223,1000
1386,761.1397633801454,1000
1387,780.8460778929119,1000
1388,808.6430682639558,1000
1389,802.1009293198782,1000
1390,606.5608547974592,1000
1391,851.4199580133476,1000
1392,810.8910841194993,1000
1393,832.5437431629834,1000
1394,794.9778377785883,1000
1395,795.7619196026018,1000
1396,792.0205996386343,1000
1397,801.2268214653753,1000
1398,800.2737450931043,1000
1399,788.1828766612559,1000
1400,821.433245835409,1000
1401,781.5118014480842,1000
1402,779.0406427554426,1000
1403,753.6104021396671,1000
1404,670.9193404227083,1000
1405,699.2053107944274,1000
1406,635.1575021947517,1000
1407,710.8537767910615,1000
1408,693.8049282284276,1000
1409,754.7112805690248,1000
1410,734.786054068428,1000
1411,759.770940601397,1000
1412,654.9474248773842,1000
1413,684.0781704853468,1000
1414,695.8719071527887,1000
1415,760.5825739516417,1000
1416,807.3369682755555,1000
1417,754.0121872474479,1000
1418,841.3817858838675,1000
1419,778.101577011079,1000
1420,796.9378275145176,1000
1421,799.1329157265332,1000
1422,797.9811853791508,1000
1423,779.2653212059654,1000
1424,773.3334007950197,1000
1425,777.0599511126134,1000
1426,794.9988992376685,1000
1427,782.5995554209543,1000
1428,806.121301402635,1000
1429,798.5476426919989,1000
1430,788.8730173670816,1000
1431,768.0232363857427,1000
1432,746.6135283998866,1000
1433,803.2052275795596,1000
1434,759.6530994482812,1000
1435,779.5823745354446,1000
1436,754.64685805581,1000
1437,786.6023126787445,1000
1438,787.3643620783994,1000
1439,821.2103319586483,1000
1440,818.2823651562446,1000
1441,827.4748539726277,1000
1442,808.2677535854888,1000
1443,770.3334581655675,1000
1444,825.9189729425375,1000
1445,807.2840377204774,1000
1446,836.4724443353606,1000
1447,823.169792535218,1000
1448,753.3211855177778,1000
1449,752.9417252058522,1000
1450,717.9106673794263,1000
1451,771.5689686403435,1000
1452,749.1338573647173,1000
1453,765.6046466319852,1000
1454,761.4095244356004,1000
1455,713.5183491341733,1000
1456,736.9459620961208,1000
1457,780.683349821509,1000
1458,783.5922160590385,1000
1459,785.1101702276657,1000
1460,794.1573206561565,1000
1461,773.52693986517,1000
1462,795.850599622332,1000
1463,812.7461399792999,1000
1464,823.9019898773682,1000
1465,844.1413021166642,1000
1466,818.2456282279184,1000
1467,804.7729837143672,1000
1468,805.9397908881377,1000
1469,842.597430097487,1000
1470,815.7266706774384,1000
1471,856.8133982055191,1000
1472,786.7092193415252,1000
1473,822.4822046059895,1000
1474,872.1574144037058,1000
1475,887.10210452354,1000
1476,872.831696674597,1000
1477,908.5517217484426,1000
1478,700.4623336232652,1000
1479,909.9740849920587,1000
1480,903.1961835133887,1000
1481,901.6413631528525,1000
1482,852.4104305293865,1000
1483,835.0641744384794,1000
1484,908.6600809097572,1000
1485,761.3702296007617,1000
1486,870.3856903030304,1000
1487,834.2558960692631,1000
1488,886.2249560044276,1000
1489,850.124960062364,1000
1490,882.7689990078452,1000
1491,796.076025327006,1000
1492,823.9182921713839,1000
1493,820.1272228821932,1000
1494,741.8004715156386,1000
1495,840.5371787971858,1000
1496,761.0368434354214,1000
1497,667.7846774093109,1000
1498,686.7957752582915,1000
1499,648.628475992444,1000
1500,675.7063005198407,1000
1501,604.1564015358159,1000
1502,641.8894909544521,1000
1503,637.492933980214,1000
1504,617.0460593876751,1000
1505,514.1906103274973,1000
1506,637.5983055266157,1000
1507,603.7081958553126,1000
1508,678.4752280987334,1000
1509,720.4961253217999,1000
1510,594.5249749997126,1000
1511,543.9171973937691,1000
1512,688.668411507964,1000
1513,712.5614393511861,1000
1514,635.7864137372751,1000
1515,654.2373887018665,1000
1516,687.3079158998289,1000
1517,618.0775817446515,1000
1518,613.0133567553921,1000
1519,679.358669773167,1000
1520,719.4424731446297,1000
1521,666.0016610365867,1000
1522,612.8983412986634,1000
1523,623.1924157006678,1000
1524,747.3707244072968,1000
1525,665.8545822908055,1000
1526,698.1173516019223,1000
1527,788.0989206185978,1000
1528,625.8114979072903,1000
1529,748.3140659678643,1000
1530,722.4928687117354,1000
1531,637.1943437844858,1000
1532,808.2127248529589,1000
1533,739.8750478284919,1000
1534,766.5980500880918,1000
1535,739.6276807165862,1000
1536,798.9358619220354,1000
1537,789.4830913766282,1000
1538,824.0429549754712,1000
1539,812.5696471448036,1000
1540,751.0079144001728,1000
1541,793.960449855519,1000
1542,797.5494958186864,1000
1543,724.8981146487112,1000
1544,811.8459924850582,1000
1545,800.8515637644499,1000
1546,751.3689074872276,1000
1547,697.7832049618473,1000
1548,721.3904442494896,1000
1549,717.3607828536382,1000
1550,738.7094709235126,1000
1551,726.1220801308853,1000
1552,765.8680183092235,1000
1553,653.8704691479559,1000
1554,619.1084963886931,1000
1555,565.07466573577,1000
1556,680.3654471719343,1000
1557,623.052005739447,1000
1558,665.5615608345582,1000
1559,621.5192360995401,1000
1560,652.6829959759699,1000
1561,571.1712074904653,1000
1562,626.1994159398613,1000
1563,607.0423822838463,1000
1564,579.9871867691404,1000
1565,616.6105316861518,1000
1566,553.384558237935,1000
1567,634.4224581149467,1000
1568,591.5230541965466,1000
1569,610.9573435458223,1000
1570,652.0086829708936,1000
1571,618.8454858190189,1000
1572,652.048582253576,1000
1573,647.4606327753535,1000
1574,681.8000840274349,1000
1575,649.7292118302024,1000
1576,629.5137267127278,1000
1577,677.3774307838319,1000
1578,698.928668627194,1000
1579,664.2368568289482,1000
1580,692.7229733102726,1000
1581,680.4619387756063,1000
1582,679.3324075912462,1000
1583,697.0550830663245,1000
1584,725.3494864324895,1000
1585,713.6398016803286,1000
1586,716.5932509717479,1000
1587,692.6483056792923,1000
1588,743.8844967507304,1000
1589,723.6618706705178,1000
1590,717.6149346288506,1000
1591,688.8228074303987,1000
1592,695.7179584217679,1000
1593,739.1025295102057,1000
1594,734.7696231555128,1000
1595,776.45571154208,1000
1596,720.5065070172041,1000
1597,769.3594925068994,1000
1598,758.3078975147524,1000
1599,612.8653401319876,1000
1600,747.335521988322,1000
1601,719.8303608765989,1000
1602,726.16106371043,1000
1603,740.6008400353571,1000
1604,725.2334922421686,1000
1605,736.5883596591433,1000
1606,747.113189800535,1000
1607,747.292863453966,1000
1608,750.3096546075229,1000
1609,695.6530910384968,1000
1610,715.8223239231377,1000
1611,759.5777665344772,1000
1612,768.44688025481,1000
1613,734.9211660244832,1000
1614,675.788307991666,1000
1615,745.5110161169629,1000
1616,775.5623805162635,1000
1617,735.315896494624,1000
1618,750.308341383071,1000
1619,599.1714232899332,1000
1620,602.9182669550063,1000
1621,563.523633906963,1000
1622,702.217391279935,1000
1623,617.8609781167827,1000
1624,545.0300111457171,1000
1625,769.5539862438144,1000
1626,602.0767073030393,1000
1627,703.464306127322,1000
1628,728.1679967360337,1000
1629,542.9800200410357,1000
1630,604.4766602271693,1000
1631,758.2116314181249,1000
1632,743.3971862764204,1000
1633,735.8111557018129,1000
1634,785.6138305382333,1000
1635,784.494332838799,1000
1636,769.1076623931926,1000
1637,795.7783042701408,1000
1638,764.4640365284373,1000
1639,817.6892786208132,1000
1640,837.6592336288462,1000
1641,785.9200462968654,1000
1642,769.5496025443756,1000
1643,799.3670088318207,1000
1644,742.066137598148,1000
1645,730.6347812600233,1000
1646,672.9419284694294,1000
1647,768.5027785714898,1000
1648,734.0123462346918,1000
1649,699.4030625218189,1000
1650,651.8146195199845,1000
1651,551.0028032662391,1000
1652,535.7720549738007,1000
1653,576.3891423377294,1000
1654,568.3835444929061,1000
1655,528.2529583396808,1000
1656,606.1770656745648,1000
1657,638.5554638837366,1000
1658,658.685752533844,1000
1659,684.8411856090512,1000
1660,679.9806048465813,1000
1661,680.4930322464866,1000
1662,659.4782657033708,1000
1663,691.4293297204263,1000
1664,717.2843897172417,1000
1665,713.9527534468347,1000
1666,718.3979364484902,1000
1667,719.8348601220479,1000
1668,683.9132115793707,1000
1669,678.6041598068708,1000
1670,682.5405441038112,1000
1671,746.6820216343464,1000
1672,731.3159922847295,1000
1673,748.6255013703407,1000
1674,603.7193747712607,1000
1675,715.0051936280444,1000
1676,733.4411156319734,1000
1677,645.5356401489448,1000
1678,756.2168647324486,1000
1679,649.0076050199497,1000
1680,623.0575011942498,1000
1681,631.5655084867046,1000
1682,532.3976002302292,1000
1683,778.4455727170281,1000
1684,746.8111068998552,1000
1685,617.2786644594041,1000
1686,758.9387394906151,1000
1687,769.100036530609,1000
1688,744.431165468534,1000
1689,740.3586656938902,1000
1690,755.2340983917794,1000
1691,573.7808730490596,1000
1692,766.6399265814969,1000
1693,761.4679534545633,1000
1694,768.4239781769642,1000
1695,633.1710199632151,1000
1696,767.0906378626285,1000
1697,782.5698696524851,1000
1698,762.6674743405445,1000
1699,782.1474189284517,1000
1700,786.8127710853287,1000
1701,783.9942108134832,1000
1702,790.6843042752436,1000
1703,785.2925922362948,1000
1704,765.2220479698493,1000
1705,784.3196445476805,1000
1706,759.4325009039883,1000
1707,829.6905538101904,1000
1708,785.3961151348016,1000
1709,784.3975173026103,1000
1710,825.2703770670853,1000
1711,833.4014179502504,1000
1712,792.2280128297317,1000
1713,773.7147007385721,1000
1714,831.9200703569476,1000
1715,797.62398631315,1000
1716,800.4972586608652,1000
1717,786.2810439320723,1000
1718,783.7451759881022,1000
1719,815.0431952304856,1000
1720,740.791772744596,1000
1721,758.2972025710311,1000
1722,787.7307684929144,1000
1723,815.2310974757697,1000
1724,724.2621929720486,1000
1725,787.897464905611,1000
1726,670.2096800135663,1000
1727,722.3173582905972,1000
1728,736.6665495864091,1000
1729,745.4988261509227,1000
1730,744.3989990710041,1000
1731,772.5943582955789,1000
1732,718.7728320960251,1000
1733,703.6684188446693,1000
1734,729.0513265009854,1000
1735,767.4240017122621,1000
1736,757.9875011885199,1000
1737,749.6737484206108,1000
1738,774.0765533708881,1000
1739,804.0193467783671,1000
1740,707.2339870262226,1000
1741,790.521736533109,1000
1742,767.0756149660959,1000
1743,790.0659241387596,1000
1744,647.1253128368736,1000
1745,771.8834722112663,1000
1746,786.0193748280348,1000
1747,758.7346719162,1000
1748,779.0529908905246,1000
1749,684.2088902790701,1000
1750,695.7438350281852,1000
1751,789.6102231078687,1000
1752,720.6163379390983,1000
1753,714.729264580846,1000
1754,663.242340414705,1000
1755,673.0945671767327,1000
1756,718.1956858638183,1000
1757,721.4655869564556,1000
1758,609.6967045394214,1000
1759,741.854792686367,1000
1760,760.95274664958,1000
1761,742.0930921801848,1000
1762,778.3863218082001,1000
1763,767.3636105367285,1000
1764,610.1395754192638,1000
1765,643.7102901924982,1000
1766,591.3714824311488,1000
1767,599.1604014807332,1000
1768,763.2229514837744,1000
1769,759.9173291791273,1000
1770,788.0654809930292,1000
1771,669.3603609134619,1000
1772,754.1882163049223,1000
1773,744.6474667250626,1000
1774,581.684386069499,1000
1775,761.3739888344836,1000
1776,778.8282367883112,1000
1777,753.2830534604535,1000
1778,784.3244340223544,1000
1779,774.4506747433578,1000
1780,780.7679715768747,1000
1781,784.945622530504,1000
1782,770.8354319421372,1000
1783,781.8891786886348,1000
1784,766.7160772079532,1000
1785,659.7952413875221,1000
1786,677.3221898915966,1000
1787,784.8653884892406,1000
1788,806.2951583338496,1000
1789,785.4128370465744,1000
1790,788.6718800990565,1000
1791,800.7855620007465,1000
1792,800.6793787774322,1000
1793,788.6607913890339,1000
1794,670.0086844952436,1000
1795,788.1836976451459,1000
1796,807.7138008177042,1000
1797,802.9335717658504,1000
1798,686.5659794085516,1000
1799,792.151420641096,1000
1800,813.2971830097182,1000
1801,790.3328580558376,1000
1802,782.594308226436,1000
1803,778.5881696251861,1000
1804,792.5061600541076,1000
1805,803.4132960522395,1000
1806,783.4934068850727,1000
1807,795.0859383207704,1000
1808,775.9800354005823,1000
1809,785.9423317218918,1000
1810,793.9043420786611,1000
1811,773.6477459356768,1000
1812,731.6442845536498,1000
1813,755.8447918179376,1000
1814,762.5862490035909,1000
1815,756.3446119297462,1000
1816,750.1987511186743,1000
1817,748.1718804603667,1000
1818,751.1379186284892,1000
1819,738.5761932898583,1000
1820,755.5843713183093,1000
1821,719.2947562576688,1000
1822,755.0885727093319,1000
1823,748.0465241593912,1000
1824,732.2280777298225,1000
1825,705.5646344768629,1000
1826,696.2124019362409,1000
1827,711.754052284308,1000
1828,720.8665849062618,1000
1829,731.0923087072964,1000
1830,750.647638429999,1000
1831,730.7259566560308,1000
1832,743.10636530984,1000
1833,761.2852926032293,1000
1834,715.1020659927295,1000
1835,727.0865153246673,1000
1836,749.088107451333,1000
1837,725.1240651942857,1000
1838,689.4570294287794,1000
1839,693.5288676305483,1000
1840,769.4558015470333,1000
1841,695.561441257435,1000
1842,800.1346923141366,1000
1843,808.6485204341269,1000
1844,710.4816695796814,1000
1845,803.5730655709966,1000
1846,776.1050853773141,1000
1847,797.1554958875385,1000
1848,766.3911837206341,1000
1849,712.1454903984637,1000
1850,770.8033931071102,1000
1851,770.532881209397,1000
1852,764.8940290267744,1000
1853,772.0043015582565,1000
1854,775.571935723847,1000
1855,758.7624643654683,1000
1856,741.1386471487864,1000
1857,771.0019040183817,1000
1858,762.7969287495192,1000
1859,780.8446703756534,1000
1860,752.9551816486423,1000
1861,785.080529441728,1000
1862,780.4271116226672,1000
1863,768.4764169169787,1000
1864,720.3627453442657,1000
1865,653.6354088974156,1000
1866,709.7230364242691,1000
1867,746.9813993081324,1000
1868,776.1567210880679,1000
1869,748.6257851816638,1000
1870,778.320310066132,1000
1871,726.8687079992534,1000
1872,778.135427548214,1000
1873,760.0491308983832,1000
1874,781.5737763500832,1000
1875,784.6445369434622,1000
1876,748.536316303799,1000
1877,769.1805438675494,1000
1878,757.3612834735549,1000
1879,744.0357468063828,1000
1880,748.2609675317414,1000
1881,754.826038556586,1000
1882,756.0150332208912,1000
1883,733.4679448200453,1000
1884,679.4199500132776,1000
1885,722.4052489180834,1000
1886,691.4703051626635,1000
1887,727.6272832829815,1000
1888,590.2100174928966,1000
1889,590.5106172360152,1000
1890,738.7426318141754,1000
1891,632.3245478279576,1000
1892,761.1146974233535,1000
1893,743.2439476208148,1000
1894,755.1413511394337,1000
1895,742.3662361406964,1000
1896,638.2445768266659,1000
1897,758.9963187228439,1000
1898,776.3426033112321,1000
1899,761.9188961430464,1000
1900,771.2406586466177,1000
1901,744.9394776616426,1000
1902,634.9460306682557,1000
1903,770.5942167916128,1000
1904,750.9467876591639,1000
1905,762.4087960472946,1000
1906,760.9385163086806,1000
1907,750.4353972332727,1000
1908,742.8497147574083,1000
1909,762.7743626639951,1000
1910,765.8515397791584,1000
1911,771.2290452209696,1000
1912,776.549926286182,1000
1913,680.8632802864332,1000
1914,774.4552654929628,1000
1915,768.3128486640701,1000
1916,775.9513368021087,1000
1917,689.9828091036195,1000
1918,771.8048012998065,1000
1919,786.1869261780965,1000
1920,782.8998192302076,1000
1921,774.2368778656802,1000
1922,772.2393433181733,1000
1923,716.8283978788921,1000
1924,791.9822470162347,1000
1925,778.0076962994885,1000
1926,785.0807155331861,1000
1927,773.0595420035237,1000
1928,788.3378396764143,1000
1929,783.2346702513584,1000
1930,719.1338594940839,1000
1931,791.2679210381036,1000
1932,784.4541035200068,1000
1933,778.7485371910456,1000
1934,818.845404702338,1000
1935,666.9399824344746,1000
1936,794.2115604147506,1000
1937,804.392377726251,1000
1938,800.6033992451263,1000
1939,804.8459145155555,1000
1940,774.9701374709413,1000
1941,777.0137722961169,1000
1942,810.9212703325536,1000
1943,808.0738981245161,1000
1944,799.849842147812,1000
1945,770.2474754073404,1000
1946,792.6699358882195,1000
1947,782.4781401603655,1000
1948,779.0782120254079,1000
1949,791.0403326723402,1000
1950,769.4463662026653,1000
1951,782.5751022212119,1000
1952,671.4668097835249,1000
1953,767.2298024435404,1000
1954,759.5647437000308,1000
1955,794.6898081550585,1000
1956,786.3009833033011,1000
1957,702.2140097550207,1000
1958,768.2507262712365,1000
1959,745.922863235628,1000
1960,767.209464469645,1000
1961,737.8134528720939,1000
1962,744.1011815847824,1000
1963,736.1419249769282,1000
1964,692.9135955473199,1000
1965,721.7404685655293,1000
1966,707.7519008454395,1000
1967,756.0858069470056,1000
1968,732.4590433173238,1000
1969,729.4106299932944,1000
1970,623.3056242723311,1000
1971,722.9513854262752,1000
1972,639.9147031326138,1000
1973,660.5069290921881,1000
1974,654.6899469385595,1000
1975,721.4555650087714,1000
1976,708.5634005990394,1000
1977,706.1087775279656,1000
1978,676.634323769126,1000
1979,682.5602277080171,1000
1980,570.5683694645056,1000
1981,707.577825055503,1000
1982,775.0714503761873,1000
1983,720.1332053237912,1000
1984,713.3246271976742,1000
1985,738.7534211170921,1000
1986,752.7803941639679,1000
1987,588.6019853841153,1000
1988,635.7278792820924,1000
1989,579.1092749879192,1000
1990,678.8311286341708,1000
1991,565.2710922475874,1000
1992,694.2389868478381,1000
1993,580.6796739645913,1000
1994,687.9903459430476,1000
1995,547.4439334285535,1000
1996,625.5675149831662,1000
1997,601.8363380089305,1000
1998,602.483543158717,1000
1999,602.4352988009571,1000
2000,696.1528502039387,1000
2001,585.9723530599513,1000
2002,642.5322133438738,1000
2003,597.5592028728398,1000
2004,674.317607042967,1000
2005,735.7864725073279,1000
2006,676.4824599702866,1000
2007,739.3673989662019,1000
2008,730.7816593189655,1000
2009,771.4348562789269,1000
2010,785.0767069875116,1000
2011,778.2129398188051,1000
2012,777.4098610397056,1000
2013,779.6804421694911,1000
2014,817.7966709743868,1000
2015,769.2181228241566,1000
2016,778.9094419906841,1000
2017,774.2866612691469,1000
2018,800.9405960143965,1000
2019,791.4860143298229,1000
2020,795.5335960662691,1000
2021,794.0507649165684,1000
2022,797.7260351735368,1000
2023,800.9626072125619,1000
2024,787.920967249779,1000
2025,776.878577425343,1000
2026,767.9221324572816,1000
2027,782.9047687575709,1000
2028,789.6074740528023,1000
2029,791.624669057026,1000
2030,774.2103372895773,1000
2031,777.1148870936013,1000
2032,706.6626407553217,1000
2033,772.0558023434434,1000
2034,781.5045638246401,1000
2035,765.0188665328996,1000
2036,760.1499586395561,1000
2037,751.6336164038755,1000
2038,776.2520100449681,1000
2039,747.3867851597327,1000
2040,740.2586294922835,1000
2041,744.204982624611,1000
2042,740.0371100315009,1000
2043,728.1551802290608,1000
2044,728.9526084199393,1000
2045,749.9087920809528,1000
2046,716.4273823291599,1000
2047,732.8394921777028,1000
2048,733.2456540399561,1000
2049,726.5262975859947,1000
2050,750.0336916614294,1000
2051,741.5004084362072,1000
2052,747.9363325094708,1000
2053,739.2656554850042,1000
2054,688.785193712115,1000
2055,659.0364885658952,1000
2056,782.5362991436128,1000
2057,745.1463528092593,1000
2058,686.9615829977097,1000
2059,760.460445936006,1000
2060,766.045345947714,1000
2061,790.5289832582961,1000
2062,691.0076438518629,1000
2063,782.0611154487602,1000
2064,779.224600501569,1000
2065,645.2853581763568,1000
2066,728.1983846631565,1000
2067,774.8528511736789,1000
2068,682.1665688527024,1000
2069,775.4427260243267,1000
2070,799.8760917245813,1000
2071,791.1262809611179,1000
2072,811.4843443003987,1000
2073,645.0730041704003,1000
2074,723.2302593167601,1000
2075,790.2717977588969,1000
2076,780.6477718259458,1000
2077,658.7324729870462,1000
2078,658.0369139772637,1000
2079,797.8979729534835,1000
2080,613.3578588987754,1000
2081,796.7176859946874,1000
2082,793.7368271513187,1000
2083,791.1705714835693,1000
2084,780.1547107011284,1000
2085,797.0628146612775,1000
2086,725.2612983379336,1000
2087,751.3408865346745,1000
2088,787.492762945994,1000
2089,805.5201790318819,1000
2090,779.4975358682182,1000
2091,803.3602973629515,1000
2092,800.1177992987682,1000
2093,798.6231015566987,1000
2094,795.9463734365587,1000
2095,797.9427880424125,1000
2096,814.0782938980562,1000
2097,798.7873286694238,1000
2098,815.1234406861735,1000
2099,793.370306936357,1000
2100,797.3685098758874,1000
2101,793.695736302519,1000
2102,800.1003601821733,1000
2103,806.5395569629343,1000
2104,792.9721485277316,1000
2105,794.7230197808764,1000
2106,816.3795479982223,1000
2107,821.4406966183236,1000
2108,803.9379177195251,1000
2109,803.5035693918562,1000
2110,806.5918368592696,1000
2111,800.1537333492945,1000
2112,813.2325190576382,1000
2113,800.6096772695223,1000
2114,793.3535424023238,1000
2115,795.2365368496238,1000
2116,773.5401881727686,1000
2117,733.4798014712949,1000
2118,798.7870675072479,1000
2119,776.9753472551057,1000
2120,784.3353300983903,1000
2121,735.3859649796402,1000
2122,782.2272837758378,1000
2123,785.9226456808512,1000
2124,787.1929907913642,1000
2125,811.7337369610032,1000
2126,771.3105256127528,1000
2127,785.9226629675555,1000
2128,763.1862074763189,1000
2129,766.7409609374587,1000
2130,808.457346224634,1000
2131,776.8719659355647,1000
2132,796.3610731810883,1000
2133,773.527464932882,1000
2134,785.1816969720871,1000
2135,807.7047927166385,1000
2136,789.2098361443086,1000
2137,788.138766401308,1000
2138,822.6212366023697,1000
2139,807.9374876771076,1000
2140,798.6532385831632,1000
2141,785.6088166087893,1000
2142,799.9638145811462,1000
2143,804.6405628017519,1000
2144,818.756946042419,1000
2145,801.0898729180091,1000
2146,808.9746615630112,1000
2147,801.5541899002179,1000
2148,759.8657668386868,1000
2149,787.1262141424957,1000
2150,786.9803802952632,1000
2151,802.2552101609015,1000
2152,749.4958493851644,1000
2153,719.4967691136076,1000
2154,753.1469610979163,1000
2155,759.2302407758348,1000
2156,758.6367935021595,1000
2157,740.4324692162669,1000
2158,755.4474399489927,1000
2159,722.3609130165295,1000
2160,755.4892717117839,1000
2161,741.0264570832852,1000
2162,760.1646051931259,1000
2163,736.8933775829142,1000
2164,776.1330699265667,1000
2165,757.3001752030281,1000
2166,726.987944471589,1000
2167,739.7335038536515,1000
2168,716.5773913035548,1000
2169,752.9316071035445,1000
2170,769.6397418458384,1000
2171,734.3049890303613,1000
2172,763.7282573289602,1000
2173,726.9264150982835,1000
2174,733.106874398227,1000
2175,727.1854830234935,1000
2176,692.3073188396548,1000
2177,748.7329695505763,1000
2178,693.5793461139297,1000
2179,716.9822684328842,1000
2180,751.7290759150134,1000
2181,751.4886497329676,1000
2182,750.0432532903657,1000
2183,756.6303853208564,1000
2184,701.8723562896682,1000
2185,756.8364212463734,1000
2186,776.3509780485755,1000
2187,780.7251337756708,1000
2188,768.760339202082,1000
2189,761.207633350909,1000
2190,786.0093787935427,1000
2191,767.3211353339357,1000
2192,752.0546418475876,1000
2193,810.1223692875914,1000
2194,787.8605736477086,1000
2195,765.6727786186353,1000
2196,774.6022335323286,1000
2197,758.5759841336193,1000
2198,802.0275766718465,1000
2199,802.5234900095974,1000
2200,795.417304674639,1000
2201,767.1674334661107,1000
2202,789.3622854006929,1000
2203,780.6837733664577,1000
2204,792.6337161235774,1000
2205,762.2783458662509,1000
2206,809.8253181531212,1000
2207,797.0377339257965,1000
2208,773.003148549613,1000
2209,786.1787038759273,1000
2210,764.6491525909618,1000
2211,790.7206159252333,1000
2212,778.4615370741692,1000
2213,753.126491055543,1000
2214,747.6228218307338,1000
2215,772.6825960232941,1000
2216,702.9994155340268,1000
2217,777.9215875254237,1000
2218,714.6984182295322,1000
2219,735.0934450721262,1000
2220,739.4278792920002,1000
2221,714.6144106951526,1000
2222,735.3707149522288,1000
2223,747.3462010390841,1000
2224,733.9314373900655,1000
2225,825.5052069337789,1000
2226,780.7221752814202,1000
2227,787.1909240390721,1000
2228,773.3089590862916,1000
2229,780.5755171646176,1000
2230,780.9046189644504,1000
2231,802.0153490658402,1000
2232,761.8680345511525,1000
2233,782.6718285637036,1000
2234,763.8639933649181,1000
2235,740.786799002546,1000
2236,783.3695541119785,1000
2237,730.9807383919949,1000
2238,752.5297493010546,1000
2239,778.8997014912436,1000
2240,754.4298452586543,1000
2241,752.6497085330072,1000
2242,714.0161885895069,1000
2243,732.1985903262074,1000
2244,701.0804955184518,1000
2245,688.2134095200017,1000
2246,676.6711530130606,1000
2247,719.9762243307931,1000
2248,710.5140069439532,1000
2249,668.4586769028724,1000
2250,654.664562135875,1000
2251,666.3174200131309,1000
2252,578.9230038476421,1000
2253,656.9705954675256,1000
2254,632.5699285695403,1000
2255,651.3132605113611,1000
2256,637.3354757923823,1000
2257,627.7634941595765,1000
2258,633.4493612974983,1000
2259,626.525854989006,1000
2260,632.2043594168717,1000
2261,627.0836523807528,1000
2262,640.7807051942341,1000
2263,643.725330549454,1000
2264,653.8052649796448,1000
2265,540.1029315257965,1000
2266,647.4758771929644,1000
2267,633.3776784585646,1000
2268,606.2126708150871,1000
2269,621.2898788558396,1000
2270,579.0021037077892,1000
2271,585.1166112458053,1000
2272,591.2012590422028,1000
2273,562.3584390118428,1000
2274,579.2545374051226,1000
2275,446.63583680920465,1000
2276,546.9354421403667,1000
2277,543.909778809827,1000
2278,547.3089843009748,1000
2279,565.2053214575092,1000
2280,571.2344152737966,1000
2281,527.0644658481489,1000
2282,553.7058729378037,1000
2283,588.8590238864525,1000
2284,606.1568360282672,1000
2285,588.9461935809379,1000
2286,598.1253852532543,1000
2287,522.2370214634216,1000
2288,533.9725258002541,1000
2289,542.2308466789099,1000
2290,628.515302785633,1000
2291,638.8658692232236,1000
2292,686.5441225289206,1000
2293,682.2854484809062,1000
2294,684.2556193780295,1000
2295,689.944995545903,1000
2296,745.2292279098754,1000
2297,778.0215894928767,1000
2298,791.0403341586541,1000
2299,830.8660053058766,1000
2300,812.3760230211514,1000
2301,881.281346788599,1000
2302,808.3573220755691,1000
2303,810.2886649576158,1000
2304,791.5283222035902,1000
2305,827.3633698424355,1000
2306,806.5727938245116,1000
2307,639.0006657112384,1000
2308,823.1919726774647,1000
2309,828.9527746897602,1000
2310,850.1565328197552,1000
2311,673.3923467696754,1000
2312,816.2522488055866,1000
2313,831.7208524919223,1000
2314,848.2386362806299,1000
2315,723.5182897932215,1000
2316,762.8726239656345,1000
2317,761.3669103345468,1000
2318,784.0524543229456,1000
2319,767.3709861153744,1000
2320,893.6469041500324,1000
2321,856.5375538130572,1000
2322,813.2074492552297,1000
2323,814.9911145072407,1000
2324,859.5944303819647,1000
2325,784.5185709291744,1000
2326,880.3459048835336,1000
2327,733.4961542796167,1000
2328,850.0456932632072,1000
2329,857.6529126302714,1000
2330,864.6812210787305,1000
2331,838.8983415580053,1000
2332,812.9655098200516,1000
2333,865.7576357952732,1000
2334,886.6317770830617,1000
2335,805.8994584503791,1000
2336,803.9577172874941,1000
2337,859.4755270849988,1000
2338,799.5018272019826,1000
2339,863.6361092831328,1000
2340,816.102622108382,1000
2341,869.4187422630336,1000
2342,794.6576209882886,1000
2343,901.0939872598162,1000
2344,828.9349940611708,1000
2345,877.2087605375594,1000
2346,857.8724419427359,1000
2347,859.4226296079928,1000
2348,868.8068118787564,1000
2349,904.475689457563,1000
2350,816.662234915945,1000
2351,846.2659649972268,1000
2352,883.7284139931585,1000
2353,831.4145733314664,1000
2354,867.7527184546472,1000
2355,842.0900197846313,1000
2356,840.9084162940584,1000
2357,881.0252901760872,1000
2358,867.6859502128315,1000
2359,823.137731131939,1000
2360,831.8348223792755,1000
2361,904.7637008747105,1000
2362,866.3563661435998,1000
2363,851.834936069073,1000
2364,865.206989372962,1000
2365,842.2075070920425,1000
2366,864.0810863331103,1000
2367,840.350149582062,1000
2368,806.6840645186911,1000
2369,848.7631724219461,1000
2370,862.6468711250002,1000
2371,885.304735559782,1000
2372,837.0799807554437,1000
2373,880.0426566233998,1000
2374,897.9161166498475,1000
2375,875.1236188180102,1000
2376,892.3323842866852,1000
2377,829.0383579804067,1000
2378,956.532169636443,1000
2379,851.8319690185492,1000
2380,814.7605499429642,1000
2381,860.5605618843514,1000
2382,905.6995221336084,1000
2383,961.1867301083747,1000
2384,766.9512653913386,1000
2385,851.2988876536649,1000
2386,926.6841481105606,1000
2387,892.1664851082161,1000
2388,935.9318373463208,1000
2389,709.9125303759141,1000
2390,952.317727402679,1000
2391,961.9847788267571,1000
2392,965.2840081583183,1000
2393,860.6336917312805,1000
2394,897.9653207659646,1000
2395,899.3562782989559,1000
2396,873.0681414004794,1000
2397,889.0627147894442,1000
2398,866.9514117955515,1000
2399,903.1543144466486,1000
2400,835.674741770356,1000
2401,887.7985130412408,1000
2402,894.3195560422793,1000
2403,882.9003807723816,1000
2404,837.0096592348103,1000
2405,834.7193690637497,1000
2406,649.1989616071388,1000
2407,882.0305991964949,1000
2408,825.1523711142092,1000
2409,734.0897260371212,1000
2410,736.132950130661,1000
2411,796.0474722699997,1000
2412,832.466615606887,1000
2413,780.2199271730987,1000
2414,747.1965890327054,1000
2415,771.9078557091561,1000
2416,731.3054541677208,1000
2417,737.4775273852312,1000
2418,654.5112340194312,1000
2419,642.872616785821,1000
2420,648.797837356301,1000
2421,621.4560625227645,1000
2422,635.4056796828453,1000
2423,631.4023342187204,1000
2424,645.761006740725,1000
2425,656.3763338579538,1000
2426,576.8918333317516,1000
2427,684.10408713318,1000
2428,667.4499614195673,1000
2429,585.9861442284172,1000
2430,665.7494788276584,1000
2431,656.8986188741394,1000
2432,646.3865812835047,1000
2433,701.1158305342636,1000
2434,676.0403282327711,1000
2435,681.3678146047529,1000
2436,683.3265003104618,1000
2437,593.0669633664669,1000
2438,658.7404773496686,1000
2439,665.6489051978475,1000
2440,711.4079339265762,1000
2441,711.1758367577861,1000
2442,743.2217686108692,1000
2443,672.6586337414489,1000
2444,735.2812369991655,1000
2445,573.5246002224696,1000
2446,794.0734828906484,1000
2447,699.000893624982,1000
2448,830.2273763063205,1000
2449,725.2324113928457,1000
2450,687.6305106254339,1000
2451,807.0964135324218,1000
2452,424.4158152820326,504
2453,758.7556637139833,1000
2454,824.7065761864557,1000
2455,830.3599124338256,1000
2456,775.6783521030724,1000
2457,738.7491238656169,1000
2458,781.9924778152798,1000
2459,796.3493308311652,1000
2460,864.6161535366298,1000
2461,789.9579589841378,1000
2462,892.1516687465419,1000
2463,856.1721008677995,1000
2464,652.2876396132242,1000
2465,854.0849165379973,1000
2466,840.0327043492114,1000
2467,857.4964043478822,1000
2468,846.7810759707379,1000
2469,882.4888075967264,1000
2470,752.4378772672474,1000
2471,830.1404239882811,1000
2472,836.0722182583289,1000
2473,828.9196473446284,1000
2474,620.6389723713502,1000
2475,880.9305052738591,1000
2476,755.6146506375845,1000
2477,868.7667567093155,1000
2478,860.6958464840234,1000
2479,787.065925711244,1000
2480,827.4904991505239,1000
2481,776.0378899727498,1000
2482,741.7864025563988,1000
2483,780.5954841843683,1000
2484,874.2702733199822,1000
2485,840.0155207006943,1000
2486,815.1176460711733,1000
2487,732.2248980187508,1000
2488,773.6448775402616,1000
2489,839.1074771082609,1000
2490,842.0353095656415,1000
2491,823.4655656778841,1000
2492,831.2702386359799,1000
2493,795.8709490919745,1000
2494,811.9631852076374,1000
2495,821.3073897280337,1000
2496,825.2331453355115,1000
2497,780.8975297636363,1000
2498,803.1282613348251,1000
2499,726.2259687190293,1000
2500,820.6044186398362,1000
2501,778.3692592755929,1000
2502,710.0333637726102,1000
2503,745.1943326429993,1000
2504,769.5128718802744,1000
2505,755.7992360609904,1000
2506,758.6047585963007,1000
2507,783.3567355731107,1000
2508,737.2230401798872,1000
2509,764.9595705198725,1000
2510,714.1035985401007,1000
2511,770.8674582497133,1000
2512,669.9440107739523,1000
2513,691.3735829349235,1000
2514,734.4420122498638,1000
2515,760.4027228719382,1000
2516,723.8979277946673,1000
2517,717.0813270945521,1000
2518,745.4364254070103,1000
2519,772.6223665083143,1000
2520,724.1940097020037,1000
2521,576.7431929561467,1000
2522,744.7369676029177,1000
2523,734.7543417736628,1000
2524,807.0653958909052,1000
2525,770.615461784913,1000
2526,766.0344976148907,1000
2527,790.4804722020922,1000
2528,762.2163768106884,1000
2529,764.8980363984812,1000
2530,763.5328258548553,1000
2531,783.2910158840509,1000
2532,825.6020954954632,1000
2533,723.6990300515196,1000
2534,821.7370252418855,1000
2535,788.7419240913605,1000
2536,857.6300846959612,1000
2537,816.6472265571782,1000
2538,828.5256576654409,1000
2539,605.8735340149194,1000
2540,649.311727490333,1000
2541,806.8757491543753,1000
2542,820.7929289164452,1000
2543,826.8921237594881,1000
2544,809.7558637216654,1000
2545,822.6841691882196,1000
2546,819.2061701452938,1000
2547,826.7986216342307,1000
2548,840.698305622488,1000
2549,829.6515092191604,1000
2550,752.4291153788884,1000
2551,830.0027623939728,1000
2552,844.6357998815674,1000
2553,777.6235740364991,1000
2554,838.023966956175,1000
2555,781.5850370164756,1000
2556,799.2319770019106,1000
2557,806.3009656697199,1000
2558,853.6733036404773,1000
2559,817.1653378367023,1000
2560,826.989898648277,1000
2561,812.7573708247122,1000
2562,806.9564040887456,1000
2563,756.4650631276984,1000
2564,733.8979305378642,1000
2565,694.0608099055374,1000
2566,712.5735270388313,1000
2567,642.1589755076575,1000
2568,617.0447357070647,1000
2569,646.7223241405907,1000
2570,628.4324512543249,1000
2571,625.1988630824227,1000
2572,595.2977362026884,1000
2573,143.65019929004876,174
2574,597.6238895518079,1000
2575,530.4556109213352,1000
2576,125.2467236041446,171
2577,527.9246149911418,1000
2578,516.2972902474258,1000
2579,506.00821262710804,1000
2580,520.8896704141331,1000
2581,467.8302055914946,1000
2582,481.0506024091918,1000
2583,485.8663995775775,1000
2584,491.0513939361712,1000
2585,484.60488659889717,1000
2586,476.81310186617145,1000
2587,472.6002065650651,1000
2588,451.5754358367106,1000
2589,446.3128066301434,1000
2590,448.2360093029547,1000
2591,429.4085545394217,1000
2592,432.75026139965263,1000
2593,450.9050462655348,1000
2594,439.67942876560966,1000
2595,395.17724617701947,1000
2596,431.999426238217,1000
2597,414.2005725035067,1000
2598,382.003602845912,1000
2599,427.906633765784,1000
2600,367.36105592959365,1000
2601,369.5401140977367,1000
2602,371.5434590176804,1000
2603,367.6734020688274,1000
2604,396.57837823961114,1000
2605,358.1212906100666,1000
2606,49.38086160968236,146
2607,425.173970754503,1000
2608,369.4342151109094,1000
2609,363.84599406383376,1000
2610,455.53509113237186,1000
2611,364.9014171598033,1000
2612,367.25044533866514,1000
2613,370.90261771438236,1000
2614,448.4673001997839,1000
2615,444.69287055971154,1000
2616,447.54656444226526,1000
2617,338.2352768499278,1000
2618,455.0056506789677,1000
2619,388.7503828935348,1000
2620,360.3102490916259,1000
2621,303.60700468799735,1000
2622,386.61655031254486,1000
2623,376.8427052450445,1000
2624,341.1494491714871,1000
2625,365.3624667353016,1000
2626,337.8946039275738,1000
2627,341.5668563511824,1000
2628,310.37031162315355,1000
2629,355.3951265230247,1000
2630,313.7773808275286,1000
2631,357.36676458468844,1000
2632,289.02574937074775,1000
2633,289.5201360435826,1000
2634,415.1248475597396,1000
2635,319.65607980821346,1000
2636,309.73305620240023,1000
2637,301.24627937564065,1000
2638,395.71743133473956,1000
2639,301.7676416873221,1000
2640,379.11920125260013,1000
2641,282.5983224534664,1000
2642,318.6207198344726,1000
2643,523.0876604968122,1000
2644,438.09067833503224,1000
2645,420.81745832205416,1000
2646,438.42620679169517,1000
2647,394.1398193805315,1000
2648,331.64616603872116,1000
2649,316.8264519978044,1000
2650,321.80510445528216,1000
2651,398.2702572855973,1000
2652,295.93723338589297,1000
2653,511.70597631888427,1000
2654,424.28003752352635,1000
2655,282.33509005007267,1000
2656,249.02191081007345,1000
2657,301.1766915738425,1000
2658,364.507298150745,1000
2659,384.4397075548136,1000
2660,366.37595004259055,1000
2661,308.34578213004124,1000
2662,296.2623226269121,1000
2663,380.4206333760532,1000
2664,293.3125799894402,1000
2665,338.74727168737303,1000
2666,283.98183830218136,1000
2667,364.637505840094,1000
2668,264.769005281909,1000
2669,346.7638381157163,1000
2670,271.31685260521033,1000
2671,308.70521198179546,1000
2672,371.71919429245116,1000
2673,351.1145916630245,1000
2674,271.5948027183858,1000
2675,272.8009692804973,1000
2676,278.282276294284,1000
2677,325.88323969505745,1000
2678,313.22395462364966,1000
2679,248.76051132470275,1000
2680,271.64796195279746,1000
2681,357.06695157902993,1000
2682,276.1176790923825,1000
2683,373.62477275412425,1000
2684,246.37791659194696,1000
2685,341.2926856764904,1000
2686,291.40853022244727,1000
2687,247.93374629456437,558
2688,313.7225385831894,1000
2689,228.7379888034066,1000
2690,315.308600832586,1000
2691,227.62479508878133,1000
2692,299.64347893879165,1000
2693,343.7549895851376,1000
2694,293.79158077915116,1000
2695,337.89932516685826,1000
2696,290.64093707413815,1000
2697,278.6045475832249,1000
2698,368.3792474144783,1000
2699,234.30070733951905,1000
2700,355.6965181181382,1000
2701,362.7347481286536,1000
2702,353.9226871415976,1000
2703,346.9605911462488,1000
2704,345.86932389107955,1000
2705,294.0267472789874,1000
2706,314.5645359543579,1000
2707,348.1109907613081,1000
2708,332.4569411057864,1000
2709,396.1889721001251,1000
2710,394.07304409995675,1000
2711,317.7035312337882,1000
2712,442.43715880597756,1000
2713,377.25327805462337,1000
2714,346.5500147957726,1000
2715,306.641632433857,1000
2716,328.4544775026335,1000
2717,357.33089188909526,1000
2718,470.9873613386476,1000
2719,478.0178157081707,1000
2720,355.2222955227682,1000
2721,496.64315218263346,1000
2722,499.62353245789967,1000
2723,451.7787252439541,1000
2724,419.7480687016847,1000
2725,345.2264253228917,1000
2726,418.29893620554395,1000
2727,445.84788752153077,1000
2728,407.55694225279575,1000
2729,453.79313951196906,1000
2730,275.8591435172802,1000
2731,421.43872464327836,1000
2732,379.1624208164278,1000
2733,488.4351240659147,1000
2734,409.26153412331763,1000
2735,345.9755746780207,1000
2736,377.88030351489505,1000
2737,326.1372154220613,1000
2738,348.324590425953,1000
2739,390.1740541652234,1000
2740,353.1694202817908,1000
2741,367.3848627893726,1000
2742,336.2503696613731,1000
2743,338.754104125813,1000
2744,359.8993569321397,1000
2745,316.8802823390133,1000
2746,470.78507464490184,1000
2747,450.04767638996833,1000
2748,476.68681095715345,1000
2749,499.14210660257964,1000
2750,452.7414888219988,1000
2751,388.2040978608917,1000
2752,509.38950053896883,1000
2753,422.35256098803126,1000
2754,362.9052087938673,1000
2755,365.5207712350561,1000
2756,493.709961839416,1000
2757,376.1444203849581,1000
2758,404.20388810812483,1000
2759,510.17284226127964,1000
2760,356.3451472468468,1000
2761,379.8801465476328,1000
2762,433.7716898797467,1000
2763,493.5396510774107,1000
2764,351.727143532128,1000
2765,424.57114321549125,1000
2766,483.77240630786076,1000
2767,485.2013834549052,1000
2768,350.1827669831543,1000
2769,472.9858679937181,1000
2770,281.19233284418294,1000
2771,391.9356992685946,1000
2772,367.2358252247949,1000
2773,276.74914828807835,1000
2774,460.1714463404545,1000
2775,432.40576476032186,1000
2776,425.4640314494082,1000
2777,393.50078102071984,1000
2778,367.11384537410373,1000
2779,442.5262260201864,1000
2780,330.2012697932795,1000
2781,307.4216661223273,1000
2782,28.05690631984443,97
2783,259.75600040437376,1000
2784,256.9803230443384,1000
2785,268.4128944764068,1000
2786,26.8588004411056,94
2787,386.17761926180134,1000
2788,27.259344959173937,117
2789,291.75377412261054,1000
2790,272.3073928724193,1000
2791,33.441257065597156,92
2792,33.706942329114774,126
2793,43.70030061552273,153
2794,24.91941262254929,102
2795,24.048756966166252,92
2796,25.22361141267683,114
2797,20.848949755853184,87
2798,78.6628940853714,205
2799,58.92597863249126,144
2800,150.37707689070484,418
2801,21.019553755453465,90
2802,273.32815784643174,943
2803,89.589916947859,204
2804,227.20362481202582,609
2805,33.79759977948603,111
2806,31.259922414602357,153
2807,45.82254556153525,173
2808,51.917934041756936,161
2809,34.88111881258983,85
2810,204.81044321750892,564
2811,115.62154424655107,258
2812,28.350770864889036,95
2813,12.341220853340094,80
2814,28.590597225102975,103
2815,15.899140419999561,86
2816,53.334644786656625,152
2817,107.21899169474284,226
2818,294.75986751492746,1000
2819,80.38541168055616,206
2820,77.84114238189433,173
2821,116.78240794769098,327
2822,74.3197237712251,174
2823,24.62497456133956,90
2824,32.097344017918516,106
2825,115.61878128369432,329
2826,62.264658265828196,184
2827,57.90694633170482,169
2828,79.93280757302823,230
2829,91.1100651161274,240
2830,38.95949278369489,108
2831,124.99762430287709,357
2832,212.545726863243,764
2833,99.2315441975814,304
2834,89.59165503063934,213
2835,97.03465667386104,315
2836,69.89324406150567,229
2837,172.61580654436605,469
2838,100.38399350272616,268
2839,196.61625886833247,708
2840,299.01730481352774,890
2841,93.55096609518097,240
2842,375.93821050175137,1000
2843,59.94023133787494,208
2844,322.8551258817192,1000
2845,25.75247265817336,113
2846,115.12249063120544,406
2847,184.28844677241503,550
2848,414.3099554411494,1000
2849,265.79555944918536,1000
2850,131.68265371296152,510
2851,352.47277728962086,1000
2852,293.2440210979951,1000
2853,241.8384307904621,583
2854,190.488737252509,567
2855,375.08437123011237,965
2856,270.8595754181336,1000
2857,325.6215354154403,1000
2858,325.63078879375826,1000
2859,45.230478777315014,133
2860,477.3536455976489,1000
2861,364.70620709023416,1000
2862,462.28891220859197,1000
2863,455.0334571541055,1000
2864,292.7412389278166,1000
2865,469.4512559229667,1000
2866,444.98344841370294,1000
2867,450.76190484196235,1000
2868,455.32420796622574,1000
2869,300.97698206215904,1000
2870,462.19764739845664,1000
2871,450.4418037593687,1000
2872,442.09494616879454,1000
2873,455.0387369057304,1000
2874,302.79597169934226,792
2875,332.3797712731655,1000
2876,399.92713734462353,1000
2877,446.90700569515246,1000
2878,393.93850919787656,1000
2879,229.20145818999748,555
2880,318.8265290692904,922
2881,310.1407014612894,1000
2882,415.0652588502523,1000
2883,362.87401377640595,1000
2884,296.14725285344457,1000
2885,445.4756395535445,1000
2886,45.1995270269925,155
2887,307.0423718545267,1000
2888,478.5772544701167,1000
2889,318.48338046390995,1000
2890,25.97320005454874,105
2891,331.0503686102874,1000
2892,259.54633647802257,733
2893,429.5306097902987,1000
2894,471.9296029291889,1000
2895,475.7377324838742,1000
2896,436.58259593970195,1000
2897,436.3072635019456,1000
2898,393.5187249951553,1000
2899,438.059778377143,1000
2900,447.26884354965546,1000
2901,421.2569908062439,1000
2902,364.142771871876,1000
2903,390.8904342077656,1000
2904,332.4404204478462,1000
2905,348.96378934624727,1000
2906,419.39208589824045,1000
2907,424.67491866293483,1000
2908,427.90822566417694,1000
2909,428.3642780826342,1000
2910,401.41940520536406,1000
2911,451.0957083967795,1000
2912,473.4149145827674,1000
2913,445.03420132283634,1000
2914,451.55799755526766,1000
2915,460.88061981843583,1000
2916,463.8710073819776,1000
2917,445.87396199161117,1000
2918,381.5732021786763,1000
2919,455.0013210002316,1000
2920,449.0159251609608,1000
2921,474.81644349608985,1000
2922,383.51086949769194,1000
2923,448.764654965039,1000
2924,438.8499543650532,1000
2925,429.90765538468725,1000
2926,453.8635671520414,1000
2927,414.88513188177734,1000
2928,482.2049052922768,1000
2929,491.3605810168731,1000
2930,476.3110252242928,1000
2931,485.4950446455155,1000
2932,369.3402703599627,1000
2933,404.37429327889765,1000
2934,483.894052374325,1000
2935,396.2211968654629,1000
2936,473.7192429078321,1000
2937,426.10065643245866,1000
2938,489.83903041390056,1000
2939,396.69273957984524,1000
2940,502.98688949051547,1000
2941,392.26120309937767,1000
2942,392.18112471108213,1000
2943,492.44585934963214,1000
2944,352.86663309447016,1000
2945,407.4729041169679,1000
2946,472.6487564972564,1000
2947,522.8592861549688,1000
2948,432.4610797813523,1000
2949,530.5475384156663,1000
2950,395.64607528556274,1000
2951,462.6966836926846,1000
2952,490.57602290543144,1000
2953,477.51091787695117,1000
2954,309.20587427883004,635
2955,437.2623832470561,1000
2956,473.38854458091714,1000
2957,309.76266087744375,1000
2958,415.2925474611246,1000
2959,543.6191808969901,1000
2960,395.50751141747776,1000
2961,240.52986726568344,789
2962,412.93409161621156,1000
2963,445.5652360901943,1000
2964,444.12694292567943,901
2965,365.99071954996344,1000
2966,401.99000824698106,1000
2967,424.05426524593156,1000
2968,365.5781388461102,1000
2969,409.566568786803,1000
2970,486.77535079730666,1000
2971,199.65853448856572,676
2972,397.00366267481587,1000
2973,356.4143841707278,1000
2974,383.3293228266793,1000
2975,337.1156105281271,880
2976,384.63364583302126,1000
2977,364.09485711894166,1000
2978,329.1588697556827,971
2979,402.1873918980386,884
2980,316.49182746954654,1000
2981,357.351547032887,1000
2982,383.2100489942263,1000
2983,355.33832219571457,1000
2984,369.22656867770525,1000
2985,445.1823154994281,1000
2986,46.859316468555704,157
2987,448.6907227424381,1000
2988,275.97833667960145,820
2989,532.7225557911848,1000
2990,563.6025342210149,1000
2991,441.77808593776604,1000
2992,343.92685457304196,1000
2993,538.3312361574615,1000
2994,357.19882899154936,1000
2995,385.24396481183686,1000
2996,518.7872291725598,1000
2997,381.0363213953968,1000
2998,529.7001153632345,1000
2999,544.7317463382029,1000
3000,418.0911357964952,1000
3001,510.273013286734,1000
3002,494.279768404085,1000
3003,489.1177782163696,1000
3004,564.628905039595,1000
3005,541.2879387134905,1000
3006,342.89291960670363,1000
3007,481.5087025530609,1000
3008,485.1454599481068,1000
3009,612.9865610703035,1000
3010,611.0695345336853,1000
3011,460.5156789292731,1000
3012,592.1578482057248,1000
3013,426.91516973770814,1000
3014,597.9716286523617,1000
3015,615.5307453295367,1000
3016,421.66684682618654,1000
3017,600.3765655125886,1000
3018,620.8808631933491,1000
3019,346.90227552159513,1000
3020,541.3173175433681,1000
3021,593.3375194642982,1000
3022,565.3857180178364,1000
3023,539.5925652167772,1000
3024,455.45495493365075,1000
3025,365.47579235402725,1000
3026,542.1861966589158,1000
3027,612.485328240933,1000
3028,403.92364305011665,1000
3029,509.1733333542478,1000
3030,557.5210445403602,1000
3031,507.69213735566166,1000
3032,475.3891178944392,1000
3033,563.3721294347148,1000
3034,567.3764263850142,1000
3035,358.964535934995,1000
3036,390.8760322000127,1000
3037,437.13133028651055,1000
3038,557.3864525254553,1000
3039,376.2502627391849,1000
3040,541.9875814203817,1000
3041,452.67522032028637,1000
3042,503.79683953917544,1000
3043,566.6345236974295,1000
3044,543.3872896015434,1000
3045,558.1373310940179,1000
3046,360.3242004346579,1000
3047,544.3129174985663,1000
3048,405.67327811005515,1000
3049,376.3099692986994,1000
3050,371.2003191675136,1000
3051,342.0457378380881,1000
3052,358.0049049152349,1000
3053,378.5323798286547,1000
3054,417.1970335445015,1000
3055,570.193578955557,1000
3056,391.6627316056959,1000
3057,337.821142143117,1000
3058,358.2869861202445,1000
3059,377.70207859462283,1000
3060,558.8020039154068,1000
3061,414.4091186239081,1000
3062,491.48344333896944,1000
3063,417.86275933757037,1000
3064,536.991259525141,1000
3065,358.26667354981805,1000
3066,485.3452311831168,1000
3067,368.874946042366,1000
3068,554.6418564423974,1000
3069,550.1026174714882,1000
3070,359.7346842955876,1000
3071,394.9894114444936,1000
3072,300.33753725321753,1000
3073,386.83573198557895,1000
3074,524.9470872098171,1000
3075,413.13357695416755,1000
